Division Name,Fire Station Name,Fire Station Phone Number,Fire Station Officer Mobile
CHENNAI - NORTH,ESPLANADE,101,9445086012
CHENNAI - NORTH,KORUKKUPET,044 25544662,9445086019
CHENNAI - NORTH,ROYAPURAM,101,9445086021
CHENNAI - NORTH,SECRETARIAT,101,9445086022
CHENNAI - NORTH,SEMBIUM,044 25370101,9445086023
CHENNAI - NORTH,TONDAIARPET,101,9445086024
CHENNAI - NORTH,V.O.C NAGAR,101,9445086025
CHENNAI - NORTH,VYASARPADI,044 25520101,9445086026
CHENNAI - NORTH,WASHERMANPET,101,9445086027
CHENNAI - SOUTH  ,ASHOKNAGAR,101,9445086046
CHENNAI - SOUTH  ,GUINDY,101,9445086050
CHENNAI - SOUTH  ,MYLAPORE,101,9445086047
CHENNAI - SOUTH  ,RAJBHAVAN,044 22354835,9445086051
CHENNAI - SOUTH  ,SAIDAPET,101,9445086049
CHENNAI - SOUTH  ,TEYNAMPET,101,9445086048
CHENNAI - SOUTH  ,THIRUVANMIYUR,044 24401213,9445086052
CHENNAI - SOUTH  ,TAMBARAM,044 22382204,9445086053
CHENNAI - SOUTH  ,T NAGAR,101,9445086045
CHENNAI - CENTRAL,KILPAUK,044 26428544,9445086063
CHENNAI - CENTRAL,VEPERY,101,9445086069
CHENNAI - CENTRAL,EGMORE,101,9445086065
CHENNAI - CENTRAL,TRIPLICANE,101,9445086068
CHENNAI - CENTRAL,KOYAMBEDU,044 20479261,9445086067
CHENNAI - CENTRAL,J.J.NAGAR,044 26563629,9445086066
CHENNAI - CENTRAL,VILLIVAKKAM,044 26174718,9445086070
CHENNAI SUBURBAN,AMBATHUR,044 26251601,9445086064
CHENNAI SUBURBAN,AVADI,044 26555202,9445086159
CHENNAI SUBURBAN,ATHIPATTU,044 27950080,9445086013
CHENNAI SUBURBAN,ENNORE,044 25750633,9445086018
CHENNAI SUBURBAN,MANALI,044 25941147,9445086020
CHENNAI SUBURBAN,THIRUVOTTIYUR,044 25990596,
CHENNAI SUBURBAN,POONAMALLEE,044 26274700,9445086165
CHENNAI SUBURBAN,REDHILLS ,044 26418468,9445086166