district,fire_station,tab_number,landline_number,cug_number,fire_station_mail_id
Tiruvallur,Thiruvallur FS,7305096166,044-27660299,9445086158,trlfire158@gmail.com
Tiruvallur,Thirur FS,7305096168,044-27620244,9445086168,firetirur@gmail.com
Tiruvallur,Perambakkam FS,7305096169,044-27655699,9445086163,pbkfosystem@outlook@gmail.com
Tiruvallur,Tiruttani FS,7305096170,044-27885309,9445086167,TNFRS9445@gmail.com
Tiruvallur,Pallipattu FS,7305096171,044-27843483,9445086162,pallipattufirestation@gmail.com
Tiruvallur,Ponneri FS,7305096173,044-27974064,9445086164,sopontnfrs.trl@gmail.com
Tiruvallur,Gummidipoondi  FS,7305096167,044-27929267,9445086160,gpdwt@gmail.com
Tiruvallur,Gummidipoondi Sipcot FS,7305096175,044-27922701,9445086161,firestationgpds123@gmail.com
Tiruvallur,Thervoy Kandigai Sipcot FS,7305096176,9498251051,9498251051,tvksfirestation123@gmail.com
Vellore,Vellore  FS,7305096107,0416-2220600,9445086112,sofirevlre@gmai.com
Vellore,Katpadi FS,7305096111,0416-2295130,9445086118,firerescuekatpadi@gmail.com
Vellore,Gudiyatham FS,7305096109,04171-220101,9445086117,sogymfire@gmail.com
Vellore,Odugathur FS,7305096114,04171-253646,9445086120,sofirevlr@gmail.com
Vellore,Pernambut FS,7305096113,04171-230230,9445086121,sofirepbt@gmail.com
Vellore,Pallikondan FS,9994170779,,,
Kanchipuram,Kanchipuram FS,7305096129,044-27222899,9445086141,kpmfire141@gmail.com
Kanchipuram,Uthiramerur FS,7305096130,044-27272236,9445086148,utrfire148@gmail.com
Kanchipuram,Sriperumbudur FS,7305096132,044-27162259,9445086146,sprfire146@gmail.com
Kanchipuram,Irungattukottai Sipcot FS,7305096134,044-27156101,9445086513,irkfire513@gmail.com
Kanchipuram,Oragadam FS,,0431-2902001,,
Kanchipuram,Padappai FS,,044-27174009,,
Chengalpattu,Chengalpattu FS,7305096135,044-27431299,9445086143,sofirecpt@gmail.com
Chengalpattu,Mathuranthagam FS,7305096139,044-27552401,9445086144,sofiremkm@gmail.com
Chengalpattu,Maraimalai Nagar FS,7305096138,044-27452930,9445086145,sofiremmn@gmail.com
Chengalpattu,Thirukazhukundram FS,7305096142,044-27447001,9445086147,sofiretkm@gmail.com
Chengalpattu,Acharapakkam FS,7305096141,044-27528001,9445086142,achfire14@gmail.com
Chengalpattu,Siruseri Sipcot FS,7305096143,044-27470720,9445086514,ssfire514@gmail.com
Chengalpattu,Cheyyur FS,7305096144,044-27531101,9445086532,cheyyurfire2015@gmail.com
Chengalpattu,Mahindra World City FS,7305096145,044-27460299,,somwcfire@gmail.com
Chengalpattu,Mamallapuram FS,7305096146,044-27442739,,sofiremmp@gmail.com
Chengalpattu,Kalavakkam FS,,044-27445112,,
Chengalpattu,Kovalam FS,,044-27477112,,
Thiruvannamalai,Thiruvannamalai FS,7305096149,04175-233103,9445086172,tvmdfoserver@gmail.com
Thiruvannamalai,Arni FS,7305096150,04173-226001,9445086173,arnifirestation@gmail.com
Thiruvannamalai,Chengam FS,7305096151,04188-222339,9445086174,chengamfirestation@gmail.com
Thiruvannamalai,Chetpet FS,7305096152,04181-252220,9445086175,chetpetfirestation@gmail.com
Thiruvannamalai,Cheyyar FS,7305096153,04182-222222,9445086176,cheyyarfirestation@gmail.com
Thiruvannamalai,Jawadhumalai FS,7305096154,04181-245205,9445086177,tnfrsthee@gmail.com
Thiruvannamalai,Kilpennathur FS,7305096155,04175-295300,9445086178,kprfire0372@gmail.com
Thiruvannamalai,Peranamallur FS,7305096157,04183-245266,9445086179,stationofficerpmr@gmail.com
Thiruvannamalai,Polur FS,7305096158,04181-222099,9445086180,sofiretnfrs@gmail.com
Thiruvannamalai,Thandarampet FS,7305096159,04188-246750,9445086181,sothandrampet@gmail.com
Thiruvannamalai,Vandavasi FS,7305096161,04183-225101,9445086182,vandavasitnfrs@gmail.com
Thiruvannamalai,Vettavalam FS,7305096162,04175-244209,9445086183,vettavalamfire4@gmail.com
Thiruvannamalai,Thellar FS,,04183-299101,,thellartnfrs@gmail.com
Thiruvannamalai,Kannamangalam FS,,04173-241101,,
Thiruvannamalai,Annamalaiyar Temple FS,,04175-227101,,
Ranipet,Ranipet FS,7305096115,04172-272699,9445086123,sofirerpt@gmail.com
Ranipet,Sipcot-Ranipet FS,7305096117,04172-244005,9445086122,sofirespt@gmail.com
Ranipet,Arcot FS,7305096118,04172-235088,9445086116,sofirearcot@gmail.com
Ranipet,Sholinghur FS,7305096119,04172-263300,9445086124,sofiresholinghur@gmail.com
Ranipet,Arakkonam FS,7305096116,04177-236101,9445086115,sofireakm@gmail.com
Ranipet,Kalavai FS,7305096120,04173-242001,9445086507,sofireklv@gmail.com
Tirupattur,Tirupattur FS,7305096121,04179-220101,9445086125,sofiretpt@gmail.com
Tirupattur,Nattrampalli FS,7305096124,04179-242256,9445086119,sofirentp@gmail.com
Tirupattur,Alangayam FS,7305096125,04174-265580,9445086113,soagm70@gmail.com
Tirupattur,Vaniyambadi FS,7305096122,04174-224101,9445086126,vaniyambadifire@gmail.com
Tirupattur,Ambur FS,7305096123,04174-242101,9445086114,sofireamb@gmail.com
